<?xml version="1.0" encoding="UTF-8"?>
<Configuration status="INFO">
    <Appenders>
        <Console name="Console" target="SYSTEM_OUT">
            <PatternLayout pattern="%d{ABSOLUTE} %5p [%-50c{4}] - %m%n"/>
        </Console>
    </Appenders>

    <Loggers>
        <Logger name="org.jooq" level="debug" additivity="false">
            <AppenderRef ref="Console"/>
        </Logger>

        <Root level="info">
            <AppenderRef ref="Console"/>
        </Root>
    </Loggers>
</Configuration>